<?xml version='1.0' encoding='UTF-8'?>
<!DOCTYPE hibernate-configuration PUBLIC
        "-//Hibernate/Hibernate Configuration DTD 3.0//EN"
        "http://www.hibernate.org/dtd/hibernate-configuration-3.0.dtd">

<hibernate-configuration>
	<session-factory>
		<!-- SQL Dialect -->
		<property name="hibernate.dialect">org.hibernate.dialect.MySQL5Dialect</property>

		<!-- Database Connection Settings -->
		<property name="hibernate.connection.driver_class">com.mysql.jdbc.Driver</property>
		<property name="hibernate.connection.url">jdbc:mysql://localhost:3306/hibernate_ex</property>
		<property name="hibernate.connection.username">root</property>
		<property name="hibernate.connection.password">root1234</property>
		<property name="show_sql">true</property>
		<!-- <property name="hibernate.hbm2ddl.auto">create</property> -->
		<property name="hbm2ddl.auto">create</property>
		
		<!-- 
		Create - drop existing tables & creates the new tables always
		update - updates the changes only
		create-drop - first it will create and then it will drop
		delete - delete if exists
		 -->

		<!--  
		<property name="hibernate.show_sql">true</property>
		<property name="hibernate.format_sql">true</property>
		-->

		<!-- Specifying Session Context -->
		<property name="hibernate.current_session_context_class">org.hibernate.context.internal.ThreadLocalSessionContext</property>

		<!-- Mapping With Model Class Containing Annotations -->
		<mapping class="com.entity.Address" />
		<mapping class="com.entity.Student" />
	</session-factory>
</hibernate-configuration>